日時,9348.T,402A.T,186A.T,Astra4_mean
2026-10-07 09:05:00+09:00,0.0,-0.018750000000000044,0.027071369975389725,0.0027737899917965603
2026-10-07 09:10:00+09:00,0.0024999999999999467,0.006250000000000089,0.03609515996718615,0.01494838665572873
2026-10-07 09:15:00+09:00,0.0024999999999999467,0.009374999999999911,0.03199343724364234,0.0146228124145474
2026-10-07 09:20:00+09:00,0.0024999999999999467,0.006250000000000089,0.018867924528301883,0.009205974842767306
2026-10-07 09:25:00+09:00,0.004999999999999893,-0.006249999999999978,0.011484823625922846,0.0034116078753075874
2026-10-07 09:30:00+09:00,0.004999999999999893,-0.009375000000000022,0.012305168170631653,0.002643389390210508
2026-10-07 09:35:00+09:00,0.004999999999999893,-0.0031250000000000444,0.0024610336341264194,0.001445344544708756
2026-10-07 09:40:00+09:00,0.0024999999999999467,0.0,0.001640689089417613,0.0013802296964725198
2026-10-07 09:45:00+09:00,0.004999999999999893,0.0,0.001640689089417613,0.0022135630298058353
2026-10-07 09:50:00+09:00,0.0024999999999999467,0.0031250000000000444,0.003281378178835004,0.002968792726278332
2026-10-07 09:55:00+09:00,0.0024999999999999467,0.0031250000000000444,0.0024610336341264194,0.0026953445447088034
2026-10-07 10:00:00+09:00,0.0024999999999999467,0.006250000000000089,-0.001640689089417502,0.002369770303527511
2026-10-07 10:05:00+09:00,0.0,0.012499999999999956,0.0,0.004166666666666652
2026-10-07 10:10:00+09:00,0.0024999999999999467,0.012499999999999956,-0.0024610336341263084,0.004179655455291198
2026-10-07 10:15:00+09:00,0.0,0.012499999999999956,-0.009023789991796538,0.0011587366694011392
2026-10-07 10:20:00+09:00,0.0,0.009374999999999911,-0.009844134536505345,-0.00015637817883514446
2026-10-07 10:25:00+09:00,0.0,0.012499999999999956,-0.009023789991796538,0.0011587366694011392
2026-10-07 10:30:00+09:00,0.0024999999999999467,0.0031250000000000444,-0.010664479081214151,-0.0016798263604047199
2026-10-07 10:35:00+09:00,-0.0050000000000000044,-0.009375000000000022,-0.016406890894175574,-0.010260630298058534
2026-10-07 10:40:00+09:00,-0.0050000000000000044,-0.012499999999999956,-0.022149302707136997,-0.013216434235712319
2026-10-07 10:45:00+09:00,-0.010000000000000009,-0.015625,-0.025430680885972112,-0.01701856029532404
2026-10-07 10:50:00+09:00,-0.007499999999999951,-0.021874999999999978,-0.02132895816242819,-0.01690131938747604
2026-10-07 10:55:00+09:00,-0.010000000000000009,-0.034375000000000044,-0.02789171452009842,-0.024088904840032826
2026-10-07 11:00:00+09:00,-0.010000000000000009,-0.034375000000000044,-0.03445447087776865,-0.026276490292589567
2026-10-07 11:05:00+09:00,-0.010000000000000009,-0.03749999999999998,-0.033634126333059844,-0.02704470877768661
2026-10-07 11:10:00+09:00,-0.007499999999999951,-0.03749999999999998,-0.033634126333059844,-0.026211375444353258
2026-10-07 11:15:00+09:00,-0.007499999999999951,-0.03749999999999998,-0.033634126333059844,-0.026211375444353258
2026-10-07 11:20:00+09:00,-0.010000000000000009,-0.046875,-0.03527481542247746,-0.03071660514082582
2026-10-07 11:25:00+09:00,-0.007499999999999951,-0.043749999999999956,-0.03445447087776865,-0.028568156959256186
2026-10-07 11:30:00+09:00,-0.010000000000000009,-0.046875,-0.033634126333059844,-0.030169708777686616
2026-10-07 12:30:00+09:00,-0.0050000000000000044,-0.03749999999999998,-0.029532403609516034,-0.024010801203172005
2026-10-07 12:35:00+09:00,-0.010000000000000009,-0.04062500000000002,-0.03199343724364234,-0.027539479081214124
2026-10-07 12:40:00+09:00,-0.012499999999999956,-0.04062500000000002,-0.03035274815422473,-0.027825916051408234
2026-10-07 12:45:00+09:00,-0.012499999999999956,-0.043749999999999956,-0.02789171452009842,-0.028047238173366112
2026-10-07 12:50:00+09:00,-0.015000000000000013,-0.046875,-0.029532403609516034,-0.03046913453650535
2026-10-07 12:55:00+09:00,-0.015000000000000013,-0.05312499999999998,-0.027071369975389614,-0.03173212332512987
2026-10-07 13:00:00+09:00,-0.012499999999999956,-0.05312499999999998,-0.024610336341263306,-0.030078445447087748
2026-10-07 13:05:00+09:00,-0.012499999999999956,-0.05312499999999998,-0.02132895816242819,-0.028984652720809374
2026-10-07 13:10:00+09:00,-0.015000000000000013,-0.05312499999999998,-0.0237899917965545,-0.030638330598851498
2026-10-07 13:15:00+09:00,-0.012499999999999956,-0.05625000000000002,-0.02132895816242819,-0.030026319387476057
2026-10-07 13:20:00+09:00,-0.012499999999999956,-0.05312499999999998,-0.020508613617719496,-0.02871120453923981
2026-10-07 13:25:00+09:00,-0.012499999999999956,-0.050000000000000044,-0.022969647251845804,-0.028489882417281936
2026-10-07 13:30:00+09:00,-0.015000000000000013,-0.046875,-0.01968826907301069,-0.027187756357670234
2026-10-07 13:35:00+09:00,-0.012499999999999956,-0.05312499999999998,-0.018867924528301883,-0.028164308176100605
2026-10-07 13:40:00+09:00,-0.012499999999999956,-0.05312499999999998,-0.01722723543888438,-0.02761741181296144
2026-10-07 13:45:00+09:00,-0.010000000000000009,-0.050000000000000044,-0.016406890894175574,-0.025468963631391877
2026-10-07 13:50:00+09:00,-0.010000000000000009,-0.050000000000000044,-0.013945857260049266,-0.024648619086683105
2026-10-07 13:55:00+09:00,-0.012499999999999956,-0.050000000000000044,-0.011484823625922846,-0.024661607875307617
2026-10-07 14:00:00+09:00,-0.012499999999999956,-0.050000000000000044,-0.013945857260049266,-0.025481952420016423
2026-10-07 14:05:00+09:00,-0.010000000000000009,-0.050000000000000044,-0.009023789991796538,-0.02300792999726553
2026-10-07 14:10:00+09:00,-0.010000000000000009,-0.050000000000000044,-0.010664479081214151,-0.023554826360404735
2026-10-07 14:15:00+09:00,-0.012499999999999956,-0.046875,-0.010664479081214151,-0.02334649302707137
2026-10-07 14:20:00+09:00,-0.010000000000000009,-0.05312499999999998,-0.010664479081214151,-0.02459649302707138
2026-10-07 14:25:00+09:00,-0.010000000000000009,-0.050000000000000044,-0.008203445447087732,-0.02273448181569593
2026-10-07 14:30:00+09:00,-0.010000000000000009,-0.046875,-0.007383100902379036,-0.02141936696745968
2026-10-07 14:35:00+09:00,-0.012499999999999956,-0.043749999999999956,-0.004922067268252617,-0.020390689089417508
2026-10-07 14:40:00+09:00,-0.010000000000000009,-0.046875,-0.004101722723543921,-0.02032557424118131
2026-10-07 14:45:00+09:00,-0.012499999999999956,-0.050000000000000044,-0.004922067268252617,-0.022474022422750872
2026-10-07 14:50:00+09:00,-0.012499999999999956,-0.050000000000000044,-0.005742411812961423,-0.022747470604320474
2026-10-07 14:55:00+09:00,-0.010000000000000009,-0.050000000000000044,-0.009023789991796538,-0.02300792999726553
2026-10-07 15:00:00+09:00,-0.007499999999999951,-0.05312499999999998,-0.008203445447087732,-0.02294281514902922
2026-10-07 15:05:00+09:00,-0.010000000000000009,-0.050000000000000044,-0.009844134536505345,-0.023281378178835133
2026-10-07 15:10:00+09:00,-0.010000000000000009,-0.050000000000000044,-0.010664479081214151,-0.023554826360404735
2026-10-07 15:15:00+09:00,-0.010000000000000009,-0.050000000000000044,-0.011484823625922846,-0.0238282745419743
2026-10-07 15:20:00+09:00,-0.010000000000000009,-0.046875,-0.007383100902379036,-0.02141936696745968
